id,Name,gender,Country,JobTitle,State,WorkActive
1,See,Male,Philippines,Editor,true,false
2,Grantley,Male,Philippines,Marketing Assistant,true,false
3,Jozef,Male,China,Financial Analyst,false,false
4,Caroline,Female,China,Actuary,true,true
5,Bari,Female,Philippines,Account Coordinator,false,true
6,Ursola,Female,Nigeria,Graphic Designer,false,true
7,Tarrance,Male,Netherlands,Teacher,false,true
8,Dunstan,Male,Pakistan,Media Manager I,true,true
9,Rudolph,Male,Ukraine,Cost Accountant,true,true
10,Ignacius,Male,China,Payment Adjustment Coordinator,true,false
11,Milli,Female,Brazil,Cost Accountant,true,true
12,Grange,Male,Portugal,Nurse,false,false
13,Gerry,Male,Indonesia,Dental Hygienist,true,true
14,Audre,Female,China,Occupational Therapist,false,true
15,Lilith,Female,Indonesia,VP Marketing,false,true
16,Cora,Female,China,VP Quality Control,true,true
17,Oneida,Female,Indonesia,Account Representative III,false,false
18,Hart,Male,Sweden,Graphic Designer,true,false
19,Calvin,Male,Yemen,Social Worker,false,false
20,Gabriel,Female,Venezuela,Chief Design Engineer,true,true
21,Dun,Male,Bulgaria,Associate Professor,true,false
22,Mill,Male,Philippines,Food Chemist,true,true
23,Casandra,Female,Colombia,Developer I,true,false
24,Sloan,Male,France,Structural Analysis Engineer,true,true
25,Jessie,Male,Poland,Senior Quality Engineer,true,true
26,Tomlin,Male,Madagascar,Nurse Practicioner,true,true
27,Max,Male,China,Cost Accountant,true,false
28,Zed,Male,Vietnam,Research Associate,true,false
29,Arielle,Female,Argentina,Tax Accountant,true,true
30,Cal,Female,China,Quality Engineer,true,false
31,Charyl,Female,China,Recruiting Manager,false,true
32,Evie,Female,Brazil,Chemical Engineer,false,false
33,Sigvard,Male,Germany,Research Associate,true,true
34,Blake,Male,Colombia,Account Executive,false,true
35,Rosamund,Female,China,Librarian,true,false
36,Duff,Male,Czech Republic,Legal Assistant,false,true
37,Alley,Male,China,Human Resources Manager,true,true
38,Aube,Male,Ukraine,Paralegal,true,true
39,Elnora,Female,South Africa,Account Representative IV,false,false
40,Eugenie,Female,Indonesia,Recruiter,false,true
41,Irita,Female,Australia,Electrical Engineer,false,true
42,Thekla,Female,China,Director of Sales,true,false
43,Rafa,Female,Poland,Structural Engineer,false,false
44,Ursulina,Female,Brazil,Administrative Assistant II,false,true
45,Sheff,Male,Portugal,Developer I,false,false
46,Daryl,Male,United States,Web Designer I,true,false
47,Vin,Male,Argentina,VP Quality Control,true,true
48,Brodie,Male,Philippines,Technical Writer,true,true
49,Vinni,Female,France,Registered Nurse,true,true
50,Jerrylee,Female,Mozambique,Software Consultant,true,false
51,Brandais,Female,Honduras,Geological Engineer,false,true
52,Wylie,Male,France,Internal Auditor,true,false
53,Ralina,Female,China,Civil Engineer,true,true
54,Anderea,Female,Northern Mariana Islands,Cost Accountant,true,false
55,Stacy,Male,Indonesia,Pharmacist,true,true
56,Keelby,Male,China,VP Sales,false,true
57,Ram,Male,Russia,Software Test Engineer III,false,false
58,Lezlie,Female,Pakistan,Paralegal,false,true
59,Georgine,Female,China,Librarian,false,true
60,Ansel,Male,Philippines,VP Marketing,true,true
61,Guglielmo,Male,Cuba,General Manager,true,true
62,Ignazio,Male,Philippines,Geologist II,false,false
63,Harriet,Female,Portugal,Chemical Engineer,true,true
64,Darleen,Female,Philippines,Civil Engineer,true,false
65,Syman,Male,France,Social Worker,true,false
66,Charity,Female,Indonesia,Executive Secretary,false,true
67,Kimberlyn,Female,China,Structural Analysis Engineer,true,true
68,Sigismundo,Male,Russia,Recruiter,true,true
69,Tabbatha,Female,China,Senior Sales Associate,false,false
70,Patrice,Female,Brazil,Compensation Analyst,false,true
71,Hamnet,Male,Russia,Account Representative IV,true,true
72,Shelly,Female,Indonesia,Director of Sales,true,true
73,Winonah,Female,China,VP Accounting,false,true
74,Perl,Female,China,Editor,true,false
75,Ramsay,Male,Mali,Software Engineer III,true,true
76,Josias,Male,Jordan,Senior Developer,true,true
77,Sammie,Male,Philippines,VP Product Management,true,true
78,Amalee,Female,South Africa,Paralegal,true,true
79,Stephannie,Female,Portugal,Systems Administrator IV,false,false
80,Birch,Male,Tunisia,Food Chemist,false,true
81,Kristin,Female,Ukraine,Chemical Engineer,false,false
82,Berty,Male,Peru,Sales Representative,true,false
83,Earlie,Male,Indonesia,Operator,true,true
84,Clemence,Female,Indonesia,Marketing Manager,true,true
85,Reinwald,Male,Philippines,Civil Engineer,true,false
86,Alexine,Female,United States,Information Systems Manager,false,false
87,Lexi,Female,Russia,Programmer Analyst III,false,true
88,Hatty,Female,China,Programmer Analyst IV,false,true
89,Curry,Male,China,Human Resources Assistant I,false,false
90,Haroun,Male,Indonesia,Health Coach III,true,true
91,Colan,Male,China,Chief Design Engineer,true,true
92,Allis,Female,United States,Computer Systems Analyst III,true,false
93,Norri,Female,United States,Biostatistician III,true,false
94,Bengt,Male,Colombia,Professor,true,true
95,Judon,Male,Ukraine,Accounting Assistant II,false,true
96,Rodi,Female,Indonesia,Research Associate,true,false
97,Saunder,Male,China,Product Engineer,true,true
98,Gordon,Male,China,Human Resources Assistant II,false,true
99,Berti,Male,Indonesia,Programmer Analyst III,false,false
100,Zabrina,Female,Libya,Mechanical Systems Engineer,true,true
